[
  {
    "value": "cooking Oil",
    "synonyms": [
      "cooking Oil",
      "oil"
    ]
  },
  {
    "value": "salt",
    "synonyms": [
      "salt"
    ]
  },
  {
    "value": "Chilly powder",
    "synonyms": [
      "Chilly powder",
      "chillypowder",
      "chilypowerd"
    ]
  },
  {
    "value": "jeera",
    "synonyms": [
      "jeera"
    ]
  },
  {
    "value": "Asoefetida",
    "synonyms": [
      "Asoefetida",
      "asafatida"
    ]
  },
  {
    "value": "Baking Soda",
    "synonyms": [
      "Baking Soda"
    ]
  }
]