[
  {
    "value": "Speedway Brooklyn 11420",
    "synonyms": [
      "Speedway Brooklyn 11420"
    ]
  },
  {
    "value": "Speedway Brooklyn 11417",
    "synonyms": [
      "Speedway Brooklyn 11417"
    ]
  },
  {
    "value": "Speedway Brooklyn 11233",
    "synonyms": [
      "Speedway Brooklyn 11233"
    ]
  },
  {
    "value": "Speedway Brooklyn 11211",
    "synonyms": [
      "Speedway Brooklyn 11211"
    ]
  },
  {
    "value": "Speedway Brooklyn 11224",
    "synonyms": [
      "Speedway Brooklyn 11224"
    ]
  },
  {
    "value": "Speedway Brooklyn 11230",
    "synonyms": [
      "Speedway Brooklyn 11230"
    ]
  },
  {
    "value": "Speedway Brooklyn 11217",
    "synonyms": [
      "Speedway Brooklyn 11217"
    ]
  },
  {
    "value": "Speedway Brooklyn 11234",
    "synonyms": [
      "Speedway Brooklyn 11234"
    ]
  },
  {
    "value": "Speedway Brooklyn 11207",
    "synonyms": [
      "Speedway Brooklyn 11207"
    ]
  },
  {
    "value": "Speedway Brooklyn 11236",
    "synonyms": [
      "Speedway Brooklyn 11236"
    ]
  }
]