{
    "data": [
        {
            "temperature": "12.2",
            "pressure": "2"
        },
        {
            "temperature": "22.2",
            "pressure": "4"
        },
        {
            "temperature": "32.2",
            "pressure": "6"
        },
        {
            "temperature": "42.2",
            "pressure": "8"
        },
        {
            "temperature": "52.2",
            "pressure": "10"
        },
        {
            "temperature": "62.2",
            "pressure": "12"
        }
    ]
}