[
  {
    "id": "b20669be-d336-4e6a-8685-258bd6a8c04d",
    "data": [
      {
        "text": "stores near my city",
        "userDefined": false
      }
    ],
    "isTemplate": false,
    "count": 0,
    "updated": 1539171376
  },
  {
    "id": "a68b84d8-2e40-4253-846a-f70e7ada8100",
    "data": [
      {
        "text": " near by shops",
        "userDefined": false
      }
    ],
    "isTemplate": false,
    "count": 0,
    "updated": 1539171376
  },
  {
    "id": "ff91ff13-46db-47bd-be95-9975ae4d59c6",
    "data": [
      {
        "text": "search near by stores",
        "userDefined": false
      }
    ],
    "isTemplate": false,
    "count": 0,
    "updated": 1538756488
  },
  {
    "id": "99ac2fef-6cbb-418d-8577-b3aaa0d08937",
    "data": [
      {
        "text": "stores near me",
        "userDefined": false
      }
    ],
    "isTemplate": false,
    "count": 0,
    "updated": 1538756488
  },
  {
    "id": "fc958a2d-9469-48f2-b5af-7bb0248349f1",
    "data": [
      {
        "text": "shops near me",
        "userDefined": false
      }
    ],
    "isTemplate": false,
    "count": 1,
    "updated": 1538757583
  }
]