[
  {
    "id": "ed3b10d4-8ac1-4af9-b517-8a949e5c81f3",
    "data": [
      {
        "text": "shops near ",
        "userDefined": false
      },
      {
        "text": "new york",
        "alias": "geo-city",
        "meta": "@sys.geo-city",
        "userDefined": false
      }
    ],
    "isTemplate": false,
    "count": 0,
    "updated": 1539343246
  },
  {
    "id": "f60b174b-ac90-4569-9495-393e72661744",
    "data": [
      {
        "text": "Newyork",
        "alias": "geo-city",
        "meta": "@sys.geo-city",
        "userDefined": true
      }
    ],
    "isTemplate": false,
    "count": 0,
    "updated": 1539261774
  },
  {
    "id": "ad74aea9-070b-45d8-9436-8bf094db2514",
    "data": [
      {
        "text": "chicago",
        "alias": "geo-city",
        "meta": "@sys.geo-city",
        "userDefined": false
      }
    ],
    "isTemplate": false,
    "count": 0,
    "updated": 1539261774
  }
]