[
  {
    "id": "6447e083-b331-4fa1-9b85-d47404ebd3e9",
    "data": [
      {
        "text": "navigate",
        "alias": "navigateOrOrder",
        "meta": "@navigateOrOrder",
        "userDefined": false
      }
    ],
    "isTemplate": false,
    "count": 0,
    "updated": 1540827079
  },
  {
    "id": "4ff1b252-6acc-45e5-a25e-1193ec88ee36",
    "data": [
      {
        "text": "order",
        "alias": "navigateOrOrder",
        "meta": "@navigateOrOrder",
        "userDefined": false
      }
    ],
    "isTemplate": false,
    "count": 0,
    "updated": 1540807073
  }
]