[
  {
    "id": "c9b57219-ab61-4361-9f13-0a8199fb0d31",
    "data": [
      {
        "text": "yes I want to order",
        "userDefined": false
      }
    ],
    "isTemplate": false,
    "count": 0,
    "updated": 1542626020
  },
  {
    "id": "e1eb83cb-979d-43f3-8b24-93957d1d5dc8",
    "data": [
      {
        "text": "yes ",
        "userDefined": false
      },
      {
        "text": "order",
        "alias": "navigateOrOrder",
        "meta": "@navigateOrOrder",
        "userDefined": false
      }
    ],
    "isTemplate": false,
    "count": 0,
    "updated": 1542626020
  },
  {
    "id": "0d180b42-ca22-41c3-bbfb-579b7ced76c7",
    "data": [
      {
        "text": "yes I do",
        "userDefined": false
      }
    ],
    "isTemplate": false,
    "count": 0,
    "updated": 1542626020
  },
  {
    "id": "b09e69b6-ae8a-4b19-bd75-2dd89e43a34c",
    "data": [
      {
        "text": "yes",
        "userDefined": false
      }
    ],
    "isTemplate": false,
    "count": 0,
    "updated": 1542626020
  },
  {
    "id": "46196880-9189-43b9-82a3-f527380d2218",
    "data": [
      {
        "text": "Order",
        "meta": "@sys.ignore",
        "userDefined": false
      }
    ],
    "isTemplate": false,
    "count": 0,
    "updated": 1540205481
  },
  {
    "id": "c7b69ed1-abc5-467a-88d9-c2e3771791da",
    "data": [
      {
        "text": "order",
        "meta": "@sys.ignore",
        "userDefined": false
      },
      {
        "text": " ",
        "userDefined": false
      },
      {
        "text": "items",
        "meta": "@sys.ignore",
        "userDefined": false
      }
    ],
    "isTemplate": false,
    "count": 1,
    "updated": 1540205481
  }
]