[
  {
    "id": "e7a2ec7f-087e-4bfb-b776-8913a4829a5c",
    "data": [
      {
        "text": "navigate",
        "meta": "@sys.ignore",
        "userDefined": false
      }
    ],
    "isTemplate": false,
    "count": 0,
    "updated": 1540207386
  },
  {
    "id": "954ee74e-f28b-4e00-b161-a881583447ed",
    "data": [
      {
        "text": "direct me to",
        "userDefined": false
      }
    ],
    "isTemplate": false,
    "count": 0,
    "updated": 1540207114
  },
  {
    "id": "1534b45e-de3e-4fcb-9eff-9693a5bce2c7",
    "data": [
      {
        "text": "navigation",
        "userDefined": false
      }
    ],
    "isTemplate": false,
    "count": 0,
    "updated": 1540207114
  }
]