[
  {
    "id": "6a84f001-2b9e-41c4-b09e-927615d39a99",
    "data": [
      {
        "text": "cooking oil",
        "alias": "products",
        "meta": "@products",
        "userDefined": false
      }
    ],
    "isTemplate": false,
    "count": 0,
    "updated": 1540828925
  },
  {
    "id": "dc3c8548-03eb-451b-8217-918dfd490b56",
    "data": [
      {
        "text": "salt",
        "alias": "products",
        "meta": "@products",
        "userDefined": false
      }
    ],
    "isTemplate": false,
    "count": 0,
    "updated": 1540818659
  },
  {
    "id": "f103cf98-f9d9-4104-9573-249f564a661c",
    "data": [
      {
        "text": "i want ",
        "userDefined": false
      },
      {
        "text": "2",
        "alias": "number",
        "meta": "@sys.number",
        "userDefined": false
      },
      {
        "text": " packets of ",
        "userDefined": false
      },
      {
        "text": "baking soda",
        "alias": "products",
        "meta": "@products",
        "userDefined": false
      }
    ],
    "isTemplate": false,
    "count": 0,
    "updated": 1540818253
  }
]