[
  {
    "id": "80f921ad-bafd-4121-9a77-cb14404291ad",
    "data": [
      {
        "text": "nothing",
        "userDefined": false
      }
    ],
    "isTemplate": false,
    "count": 0,
    "updated": 1542009302
  },
  {
    "id": "1aecd2ad-65de-4a22-aed7-d674b415d6ed",
    "data": [
      {
        "text": "No more",
        "userDefined": false
      }
    ],
    "isTemplate": false,
    "count": 1,
    "updated": 1540976619
  },
  {
    "id": "459ae2af-e0e5-47d9-84cd-7bc71b55efa0",
    "data": [
      {
        "text": "No",
        "userDefined": false
      }
    ],
    "isTemplate": false,
    "count": 0,
    "updated": 1540976619
  }
]