[
    {
        "header": {
            "UWI": "US50089200010000",
            "Image Category": "Resistivity",
            "Image ID": "4629856",
            "Depth Type": "MD",
            "Depth Unit": "FT",
            "Top Depth": "300",
            "Base Depth": "13329",
            "Image Acquisition Date": "19700715",
            "Action Field": "00",
            "Reserved": ""
        },
        "segment": [
            {
                "Record Identifier": "1",
                "Segment Number": "1",
                "Display Text": "Induction Electrical",
                "Image Type": "RH",
                "Depth Unit": "FT",
                "Top Depth": "0",
                "Base Depth": "0",
                "Top Pixel": "1",
                "Base Pixel": "0",
                "Scale Dividend": "1",
                "Scale Dividend Unit": "IN",
                "Scale Divisor": "100",
                "Scale Divisor Unit": "FT",
                "Left Posting Pixel": "0",
                "Right Posting Pixel": "0",
                "First Horizontal Scale Top Pixel": "0",
                "First Horizontal Scale Base Pixel": "0",
                "Second Horizontal Scale Top Pixel": "0",
                "Second Horizontal Scale Base Pixel": "0",
                "MD/TV Flag": "0",
                "Reserved": ""
            },
            {
                "Record Identifier": "1",
                "Segment Number": "2",
                "Display Text": "Induction Electrical SP",
                "Image Type": "RL",
                "Depth Unit": "FT",
                "Top Depth": "280",
                "Base Depth": "13350",
                "Top Pixel": "4184",
                "Base Pixel": "13350",
                "Scale Dividend": "1",
                "Scale Dividend Unit": "IN",
                "Scale Divisor": "100",
                "Scale Divisor Unit": "FT",
                "Left Posting Pixel": "344",
                "Right Posting Pixel": "418",
                "First Horizontal Scale Top Pixel": "6",
                "First Horizontal Scale Base Pixel": "321",
                "Second Horizontal Scale Top Pixel": "0",
                "Second Horizontal Scale Base Pixel": "0",
                "MD/TV Flag": "0",
                "Reserved": ""
            }
        ],
        "data": [
            [
                2,
                2,
                300,
                55,
                425,
                305,
                423,
                378,
                425,
                627,
                425,
                876,
                426
            ],
            [
                2,
                2,
                350,
                54,
                522,
                304,
                524,
                378,
                525,
                628,
                526,
                876,
                526
            ],
            [
                2,
                2,
                400,
                54,
                624,
                304,
                624,
                377,
                625,
                628,
                626,
                875,
                626
            ],
            [
                2,
                2,
                450,
                54,
                723,
                304,
                724,
                377,
                725,
                626,
                726,
                874,
                725
            ],
            [
                2,
                2,
                500,
                53,
                822,
                303,
                824,
                376,
                825,
                626,
                826,
                874,
                825
            ],
            [
                2,
                2,
                550,
                53,
                922,
                302,
                924,
                376,
                925,
                626,
                926,
                874,
                925
            ],
            [
                2,
                2,
                600,
                52,
                1022,
                302,
                1026,
                375,
                1025,
                626,
                1027,
                873,
                1026
            ],
            [
                2,
                2,
                650,
                52,
                1122,
                302,
                1124,
                375,
                1124,
                626,
                1126,
                873,
                1126
            ],
            [
                2,
                2,
                700,
                51,
                1222,
                302,
                1222,
                375,
                1224,
                625,
                1226,
                872,
                1226
            ],
            [
                2,
                2,
                750,
                51,
                1322,
                300,
                1322,
                374,
                1324,
                624,
                1326,
                872,
                1326
            ],
            [
                2,
                2,
                800,
                51,
                1423,
                300,
                1422,
                374,
                1424,
                623,
                1424,
                872,
                1427
            ],
            [
                2,
                2,
                850,
                50,
                1523,
                300,
                1524,
                373,
                1524,
                623,
                1526,
                871,
                1527
            ],
            [
                2,
                2,
                900,
                50,
                1623,
                300,
                1624,
                373,
                1624,
                622,
                1626,
                871,
                1627
            ],
            [
                2,
                2,
                950,
                49,
                1723,
                299,
                1724,
                372,
                1724,
                622,
                1726,
                870,
                1728
            ],
            [
                2,
                2,
                1000,
                49,
                1823,
                298,
                1825,
                372,
                1824,
                620,
                1826,
                870,
                1828
            ],
            [
                2,
                2,
                1050,
                49,
                1924,
                298,
                1924,
                372,
                1925,
                621,
                1926,
                870,
                1928
            ],
            [
                2,
                2,
                1100,
                48,
                2024,
                297,
                2023,
                371,
                2025,
                620,
                2024,
                869,
                2028
            ],
            [
                2,
                2,
                1150,
                48,
                2125,
                296,
                2124,
                371,
                2126,
                620,
                2124,
                869,
                2128
            ],
            [
                2,
                2,
                1200,
                47,
                2226,
                296,
                2225,
                370,
                2226,
                620,
                2225,
                868,
                2228
            ],
            [
                2,
                2,
                1250,
                47,
                2326,
                296,
                2326,
                370,
                2327,
                620,
                2327,
                868,
                2328
            ],
            [
                2,
                2,
                1300,
                46,
                2427,
                296,
                2428,
                370,
                2427,
                618,
                2428,
                867,
                2427
            ],
            [
                2,
                2,
                1350,
                46,
                2528,
                296,
                2528,
                370,
                2528,
                620,
                2528,
                867,
                2527
            ],
            [
                2,
                2,
                1400,
                46,
                2628,
                296,
                2628,
                370,
                2628,
                619,
                2628,
                867,
                2627
            ],
            [
                2,
                2,
                1450,
                46,
                2729,
                295,
                2728,
                370,
                2729,
                619,
                2728,
                867,
                2727
            ],
            [
                2,
                2,
                1500,
                46,
                2830,
                296,
                2830,
                370,
                2829,
                619,
                2828,
                867,
                2827
            ],
            [
                2,
                2,
                1550,
                46,
                2929,
                296,
                2928,
                369,
                2929,
                619,
                2928,
                867,
                2927
            ],
            [
                2,
                2,
                1600,
                46,
                3028,
                296,
                3028,
                369,
                3028,
                620,
                3028,
                867,
                3026
            ],
            [
                2,
                2,
                1650,
                46,
                3128,
                295,
                3128,
                369,
                3128,
                618,
                3127,
                867,
                3126
            ],
            [
                2,
                2,
                1700,
                47,
                3229,
                296,
                3228,
                370,
                3229,
                619,
                3228,
                867,
                3227
            ],
            [
                2,
                2,
                1750,
                47,
                3330,
                296,
                3330,
                370,
                3330,
                620,
                3328,
                868,
                3328
            ],
            [
                2,
                2,
                1800,
                48,
                3430,
                297,
                3430,
                371,
                3431,
                620,
                3430,
                868,
                3429
            ],
            [
                2,
                2,
                1850,
                48,
                3530,
                297,
                3530,
                371,
                3531,
                620,
                3530,
                869,
                3529
            ],
            [
                2,
                2,
                1900,
                48,
                3630,
                297,
                3630,
                371,
                3631,
                620,
                3630,
                869,
                3629
            ],
            [
                2,
                2,
                1950,
                48,
                3730,
                297,
                3730,
                371,
                3731,
                620,
                3730,
                869,
                3729
            ],
            [
                2,
                2,
                2000,
                48,
                3830,
                298,
                3830,
                372,
                3831,
                620,
                3830,
                870,
                3828
            ],
            [
                2,
                2,
                2050,
                49,
                3930,
                298,
                3930,
                372,
                3931,
                621,
                3928,
                870,
                3929
            ],
            [
                2,
                2,
                2100,
                49,
                4030,
                298,
                4032,
                372,
                4032,
                622,
                4029,
                870,
                4030
            ],
            [
                2,
                2,
                2150,
                49,
                4131,
                297,
                4132,
                372,
                4132,
                623,
                4129,
                870,
                4130
            ],
            [
                2,
                2,
                2200,
                49,
                4231,
                298,
                4232,
                372,
                4233,
                623,
                4230,
                870,
                4231
            ],
            [
                2,
                2,
                2250,
                50,
                4332,
                298,
                4333,
                373,
                4333,
                623,
                4331,
                871,
                4331
            ],
            [
                2,
                2,
                2300,
                50,
                4432,
                298,
                4433,
                373,
                4434,
                623,
                4431,
                871,
                4432
            ],
            [
                2,
                2,
                2350,
                50,
                4533,
                299,
                4533,
                373,
                4534,
                623,
                4532,
                871,
                4532
            ],
            [
                2,
                2,
                2400,
                50,
                4633,
                299,
                4634,
                373,
                4635,
                623,
                4633,
                871,
                4633
            ],
            [
                2,
                2,
                2450,
                50,
                4734,
                299,
                4734,
                373,
                4735,
                623,
                4734,
                871,
                4733
            ],
            [
                2,
                2,
                2500,
                51,
                4834,
                300,
                4835,
                374,
                4836,
                623,
                4835,
                872,
                4834
            ],
            [
                2,
                2,
                2550,
                51,
                4935,
                300,
                4935,
                374,
                4936,
                624,
                4934,
                872,
                4934
            ],
            [
                2,
                2,
                2600,
                51,
                5035,
                300,
                5035,
                374,
                5037,
                624,
                5034,
                872,
                5034
            ],
            [
                2,
                2,
                2650,
                51,
                5136,
                300,
                5135,
                374,
                5137,
                624,
                5134,
                873,
                5134
            ],
            [
                2,
                2,
                2700,
                51,
                5237,
                300,
                5236,
                374,
                5237,
                626,
                5235,
                873,
                5235
            ],
            [
                2,
                2,
                2750,
                51,
                5337,
                300,
                5336,
                375,
                5338,
                626,
                5334,
                874,
                5335
            ],
            [
                2,
                2,
                2800,
                51,
                5438,
                300,
                5436,
                375,
                5438,
                626,
                5436,
                874,
                5435
            ],
            [
                2,
                2,
                2850,
                52,
                5538,
                301,
                5536,
                375,
                5538,
                626,
                5536,
                875,
                5535
            ],
            [
                2,
                2,
                2900,
                52,
                5639,
                301,
                5637,
                375,
                5639,
                626,
                5636,
                875,
                5636
            ],
            [
                2,
                2,
                2950,
                52,
                5739,
                301,
                5737,
                375,
                5739,
                626,
                5738,
                876,
                5736
            ],
            [
                2,
                2,
                3000,
                52,
                5840,
                301,
                5837,
                376,
                5840,
                626,
                5838,
                876,
                5836
            ],
            [
                2,
                2,
                3050,
                52,
                5940,
                301,
                5937,
                376,
                5939,
                626,
                5936,
                876,
                5936
            ],
            [
                2,
                2,
                3100,
                53,
                6040,
                302,
                6038,
                376,
                6039,
                627,
                6037,
                877,
                6036
            ],
            [
                2,
                2,
                3150,
                53,
                6140,
                302,
                6138,
                376,
                6139,
                627,
                6138,
                877,
                6136
            ],
            [
                2,
                2,
                3200,
                53,
                6241,
                302,
                6239,
                376,
                6240,
                627,
                6240,
                877,
                6237
            ],
            [
                2,
                2,
                3250,
                53,
                6342,
                302,
                6339,
                376,
                6341,
                627,
                6340,
                877,
                6338
            ],
            [
                2,
                2,
                3300,
                53,
                6443,
                302,
                6440,
                377,
                6441,
                628,
                6440,
                878,
                6439
            ],
            [
                2,
                2,
                3350,
                54,
                6543,
                303,
                6541,
                377,
                6542,
                628,
                6540,
                878,
                6540
            ],
            [
                2,
                2,
                3400,
                54,
                6644,
                303,
                6642,
                377,
                6643,
                628,
                6642,
                878,
                6641
            ],
            [
                2,
                2,
                3450,
                54,
                6744,
                303,
                6742,
                377,
                6743,
                628,
                6740,
                878,
                6741
            ],
            [
                2,
                2,
                3500,
                54,
                6845,
                303,
                6842,
                378,
                6844,
                628,
                6842,
                878,
                6841
            ],
            [
                2,
                2,
                3550,
                55,
                6945,
                304,
                6942,
                378,
                6944,
                628,
                6942,
                879,
                6941
            ],
            [
                2,
                2,
                3600,
                55,
                7045,
                304,
                7042,
                378,
                7044,
                629,
                7042,
                879,
                7041
            ],
            [
                2,
                2,
                3650,
                55,
                7145,
                305,
                7142,
                379,
                7144,
                630,
                7142,
                879,
                7141
            ],
            [
                2,
                2,
                3700,
                55,
                7246,
                305,
                7242,
                379,
                7244,
                630,
                7242,
                880,
                7241
            ],
            [
                2,
                2,
                3750,
                56,
                7346,
                306,
                7342,
                380,
                7345,
                630,
                7342,
                880,
                7341
            ],
            [
                2,
                2,
                3800,
                56,
                7446,
                306,
                7442,
                380,
                7445,
                630,
                7442,
                880,
                7441
            ],
            [
                2,
                2,
                3850,
                56,
                7546,
                306,
                7544,
                380,
                7545,
                630,
                7543,
                880,
                7542
            ],
            [
                2,
                2,
                3900,
                56,
                7646,
                306,
                7643,
                380,
                7646,
                631,
                7644,
                881,
                7642
            ],
            [
                2,
                2,
                3950,
                57,
                7747,
                307,
                7744,
                381,
                7746,
                632,
                7744,
                882,
                7743
            ],
            [
                2,
                2,
                4000,
                57,
                7847,
                307,
                7844,
                381,
                7846,
                631,
                7844,
                882,
                7844
            ],
            [
                2,
                2,
                4050,
                57,
                7947,
                308,
                7942,
                382,
                7946,
                632,
                7944,
                882,
                7944
            ],
            [
                2,
                2,
                4100,
                58,
                8046,
                308,
                8044,
                382,
                8046,
                633,
                8044,
                882,
                8044
            ],
            [
                2,
                2,
                4150,
                58,
                8146,
                309,
                8144,
                383,
                8145,
                634,
                8146,
                883,
                8144
            ],
            [
                2,
                2,
                4200,
                58,
                8246,
                309,
                8244,
                384,
                8245,
                633,
                8243,
                883,
                8244
            ],
            [
                2,
                2,
                4250,
                58,
                8346,
                310,
                8343,
                384,
                8345,
                634,
                8344,
                884,
                8344
            ],
            [
                2,
                2,
                4300,
                59,
                8446,
                310,
                8446,
                384,
                8445,
                634,
                8444,
                884,
                8444
            ],
            [
                2,
                2,
                4350,
                60,
                8546,
                310,
                8544,
                385,
                8545,
                635,
                8544,
                884,
                8544
            ],
            [
                2,
                2,
                4400,
                60,
                8646,
                310,
                8644,
                385,
                8645,
                635,
                8643,
                885,
                8644
            ],
            [
                2,
                2,
                4450,
                62,
                8746,
                311,
                8744,
                385,
                8744,
                635,
                8744,
                885,
                8744
            ],
            [
                2,
                2,
                4500,
                61,
                8846,
                311,
                8844,
                385,
                8844,
                635,
                8844,
                885,
                8844
            ],
            [
                2,
                2,
                4550,
                61,
                8946,
                311,
                8944,
                386,
                8946,
                635,
                8944,
                885,
                8944
            ],
            [
                2,
                2,
                4600,
                62,
                9046,
                311,
                9046,
                386,
                9046,
                635,
                9044,
                885,
                9044
            ],
            [
                2,
                2,
                4650,
                61,
                9146,
                311,
                9144,
                386,
                9144,
                636,
                9144,
                885,
                9146
            ],
            [
                2,
                2,
                4700,
                62,
                9247,
                312,
                9246,
                386,
                9246,
                636,
                9246,
                886,
                9248
            ],
            [
                2,
                2,
                4750,
                60,
                9349,
                310,
                9347,
                385,
                9348,
                635,
                9346,
                885,
                9346
            ],
            [
                2,
                2,
                4800,
                61,
                9449,
                312,
                9446,
                385,
                9448,
                636,
                9446,
                885,
                9446
            ],
            [
                2,
                2,
                4850,
                61,
                9549,
                312,
                9546,
                385,
                9548,
                637,
                9546,
                885,
                9546
            ],
            [
                2,
                2,
                4900,
                61,
                9649,
                312,
                9646,
                386,
                9648,
                636,
                9646,
                886,
                9646
            ],
            [
                2,
                2,
                4950,
                61,
                9749,
                312,
                9748,
                386,
                9748,
                637,
                9746,
                886,
                9746
            ],
            [
                2,
                2,
                5000,
                61,
                9849,
                312,
                9848,
                386,
                9848,
                637,
                9848,
                886,
                9846
            ],
            [
                2,
                2,
                5050,
                62,
                9949,
                312,
                9950,
                386,
                9948,
                637,
                9948,
                886,
                9947
            ],
            [
                2,
                2,
                5100,
                62,
                10049,
                313,
                10049,
                386,
                10048,
                638,
                10048,
                886,
                10047
            ],
            [
                2,
                2,
                5150,
                62,
                10149,
                314,
                10148,
                387,
                10149,
                638,
                10148,
                886,
                10147
            ],
            [
                2,
                2,
                5200,
                62,
                10249,
                314,
                10249,
                387,
                10249,
                638,
                10249,
                887,
                10247
            ],
            [
                2,
                2,
                5250,
                62,
                10349,
                312,
                10348,
                387,
                10349,
                638,
                10348,
                887,
                10347
            ],
            [
                2,
                2,
                5300,
                63,
                10449,
                312,
                10448,
                387,
                10449,
                637,
                10447,
                887,
                10447
            ],
            [
                2,
                2,
                5350,
                63,
                10550,
                312,
                10548,
                387,
                10549,
                637,
                10550,
                887,
                10547
            ],
            [
                2,
                2,
                5400,
                63,
                10650,
                312,
                10647,
                387,
                10649,
                637,
                10650,
                887,
                10648
            ],
            [
                2,
                2,
                5450,
                63,
                10750,
                312,
                10750,
                387,
                10750,
                638,
                10750,
                887,
                10748
            ],
            [
                2,
                2,
                5500,
                63,
                10851,
                313,
                10850,
                387,
                10850,
                638,
                10850,
                887,
                10848
            ],
            [
                2,
                2,
                5550,
                63,
                10951,
                313,
                10950,
                387,
                10950,
                638,
                10950,
                887,
                10949
            ],
            [
                2,
                2,
                5600,
                63,
                11051,
                313,
                11050,
                387,
                11051,
                638,
                11049,
                887,
                11049
            ],
            [
                2,
                2,
                5650,
                63,
                11152,
                314,
                11152,
                387,
                11151,
                638,
                11151,
                887,
                11150
            ],
            [
                2,
                2,
                5700,
                63,
                11252,
                314,
                11250,
                387,
                11252,
                638,
                11252,
                887,
                11250
            ],
            [
                2,
                2,
                5750,
                63,
                11352,
                314,
                11348,
                387,
                11352,
                638,
                11351,
                887,
                11350
            ],
            [
                2,
                2,
                5800,
                63,
                11453,
                313,
                11452,
                387,
                11452,
                638,
                11452,
                887,
                11451
            ],
            [
                2,
                2,
                5850,
                63,
                11553,
                313,
                11551,
                387,
                11553,
                638,
                11552,
                887,
                11551
            ],
            [
                2,
                2,
                5900,
                63,
                11653,
                314,
                11652,
                387,
                11653,
                638,
                11652,
                887,
                11652
            ],
            [
                2,
                2,
                5950,
                63,
                11754,
                313,
                11753,
                387,
                11753,
                638,
                11754,
                887,
                11752
            ],
            [
                2,
                2,
                6000,
                63,
                11854,
                313,
                11853,
                387,
                11854,
                638,
                11854,
                887,
                11852
            ],
            [
                2,
                2,
                6050,
                63,
                11954,
                313,
                11954,
                387,
                11954,
                638,
                11954,
                887,
                11953
            ],
            [
                2,
                2,
                6100,
                63,
                12055,
                313,
                12054,
                387,
                12054,
                638,
                12053,
                887,
                12053
            ],
            [
                2,
                2,
                6150,
                62,
                12155,
                312,
                12154,
                386,
                12155,
                636,
                12156,
                886,
                12154
            ],
            [
                2,
                2,
                6200,
                61,
                12255,
                310,
                12254,
                385,
                12255,
                635,
                12254,
                886,
                12255
            ],
            [
                2,
                2,
                6250,
                61,
                12356,
                312,
                12354,
                385,
                12356,
                636,
                12358,
                886,
                12355
            ],
            [
                2,
                2,
                6300,
                61,
                12456,
                310,
                12455,
                385,
                12456,
                635,
                12456,
                886,
                12456
            ],
            [
                2,
                2,
                6350,
                61,
                12556,
                311,
                12555,
                385,
                12556,
                635,
                12556,
                886,
                12556
            ],
            [
                2,
                2,
                6400,
                61,
                12657,
                311,
                12656,
                385,
                12657,
                636,
                12656,
                886,
                12657
            ],
            [
                2,
                2,
                6450,
                62,
                12757,
                311,
                12756,
                385,
                12758,
                636,
                12756,
                887,
                12757
            ],
            [
                2,
                2,
                6500,
                62,
                12857,
                311,
                12857,
                385,
                12858,
                636,
                12857,
                887,
                12858
            ],
            [
                2,
                2,
                6550,
                62,
                12958,
                311,
                12957,
                385,
                12958,
                636,
                12958,
                887,
                12958
            ],
            [
                2,
                2,
                6600,
                62,
                13058,
                311,
                13057,
                385,
                13058,
                636,
                13058,
                887,
                13058
            ],
            [
                2,
                2,
                6650,
                62,
                13158,
                311,
                13157,
                385,
                13158,
                636,
                13157,
                887,
                13158
            ],
            [
                2,
                2,
                6700,
                62,
                13258,
                311,
                13258,
                385,
                13259,
                636,
                13259,
                886,
                13258
            ],
            [
                2,
                2,
                6750,
                62,
                13358,
                311,
                13358,
                385,
                13359,
                636,
                13358,
                886,
                13358
            ],
            [
                2,
                2,
                6800,
                61,
                13458,
                310,
                13458,
                384,
                13459,
                635,
                13458,
                886,
                13459
            ],
            [
                2,
                2,
                6850,
                61,
                13558,
                310,
                13558,
                384,
                13559,
                635,
                13558,
                886,
                13559
            ],
            [
                2,
                2,
                6900,
                61,
                13658,
                310,
                13658,
                384,
                13659,
                635,
                13660,
                886,
                13659
            ],
            [
                2,
                2,
                6950,
                61,
                13758,
                310,
                13758,
                384,
                13759,
                635,
                13758,
                885,
                13759
            ],
            [
                2,
                2,
                7000,
                61,
                13859,
                309,
                13858,
                384,
                13859,
                634,
                13858,
                885,
                13859
            ],
            [
                2,
                2,
                7050,
                60,
                13959,
                309,
                13959,
                384,
                13959,
                634,
                13958,
                885,
                13959
            ],
            [
                2,
                2,
                7100,
                60,
                14059,
                309,
                14059,
                384,
                14059,
                634,
                14058,
                885,
                14059
            ],
            [
                2,
                2,
                7150,
                60,
                14159,
                309,
                14159,
                383,
                14160,
                634,
                14159,
                885,
                14160
            ],
            [
                2,
                2,
                7200,
                60,
                14259,
                309,
                14259,
                383,
                14260,
                634,
                14259,
                884,
                14260
            ],
            [
                2,
                2,
                7250,
                60,
                14359,
                309,
                14359,
                383,
                14360,
                634,
                14359,
                884,
                14360
            ],
            [
                2,
                2,
                7300,
                60,
                14459,
                308,
                14459,
                383,
                14460,
                633,
                14459,
                884,
                14460
            ],
            [
                2,
                2,
                7350,
                59,
                14559,
                308,
                14559,
                382,
                14560,
                633,
                14559,
                884,
                14560
            ],
            [
                2,
                2,
                7400,
                59,
                14659,
                308,
                14659,
                382,
                14660,
                634,
                14660,
                884,
                14660
            ],
            [
                2,
                2,
                7450,
                59,
                14759,
                308,
                14759,
                382,
                14761,
                634,
                14761,
                884,
                14760
            ],
            [
                2,
                2,
                7500,
                59,
                14860,
                308,
                14859,
                382,
                14861,
                634,
                14860,
                883,
                14861
            ],
            [
                2,
                2,
                7550,
                59,
                14960,
                308,
                14960,
                382,
                14961,
                634,
                14960,
                883,
                14961
            ],
            [
                2,
                2,
                7600,
                59,
                15060,
                308,
                15060,
                382,
                15061,
                633,
                15060,
                883,
                15061
            ],
            [
                2,
                2,
                7650,
                59,
                15160,
                308,
                15160,
                382,
                15161,
                632,
                15160,
                883,
                15161
            ],
            [
                2,
                2,
                7700,
                59,
                15260,
                308,
                15260,
                381,
                15261,
                632,
                15262,
                883,
                15261
            ],
            [
                2,
                2,
                7750,
                58,
                15360,
                308,
                15362,
                381,
                15361,
                632,
                15362,
                882,
                15361
            ],
            [
                2,
                2,
                7800,
                58,
                15460,
                308,
                15461,
                381,
                15462,
                632,
                15462,
                882,
                15461
            ],
            [
                2,
                2,
                7850,
                58,
                15560,
                307,
                15561,
                381,
                15562,
                632,
                15562,
                882,
                15562
            ],
            [
                2,
                2,
                7900,
                58,
                15660,
                307,
                15661,
                380,
                15662,
                632,
                15662,
                881,
                15662
            ],
            [
                2,
                2,
                7950,
                57,
                15761,
                306,
                15761,
                380,
                15762,
                631,
                15760,
                881,
                15762
            ],
            [
                2,
                2,
                8000,
                57,
                15861,
                306,
                15861,
                380,
                15862,
                632,
                15862,
                881,
                15862
            ],
            [
                2,
                2,
                8050,
                58,
                15961,
                306,
                15962,
                380,
                15963,
                632,
                15962,
                881,
                15963
            ],
            [
                2,
                2,
                8100,
                58,
                16061,
                306,
                16062,
                381,
                16063,
                632,
                16062,
                882,
                16063
            ],
            [
                2,
                2,
                8150,
                58,
                16162,
                307,
                16162,
                381,
                16163,
                632,
                16162,
                882,
                16163
            ],
            [
                2,
                2,
                8200,
                58,
                16262,
                307,
                16263,
                381,
                16264,
                632,
                16262,
                882,
                16264
            ],
            [
                2,
                2,
                8250,
                58,
                16362,
                307,
                16363,
                381,
                16364,
                632,
                16362,
                882,
                16364
            ],
            [
                2,
                2,
                8300,
                58,
                16462,
                307,
                16463,
                381,
                16464,
                632,
                16462,
                882,
                16464
            ],
            [
                2,
                2,
                8350,
                59,
                16562,
                307,
                16563,
                382,
                16564,
                632,
                16564,
                882,
                16564
            ],
            [
                2,
                2,
                8400,
                59,
                16662,
                307,
                16663,
                382,
                16664,
                632,
                16664,
                883,
                16664
            ],
            [
                2,
                2,
                8450,
                59,
                16763,
                308,
                16763,
                382,
                16764,
                632,
                16764,
                883,
                16764
            ],
            [
                2,
                2,
                8500,
                59,
                16863,
                308,
                16863,
                382,
                16864,
                633,
                16863,
                883,
                16865
            ],
            [
                2,
                2,
                8550,
                60,
                16963,
                308,
                16964,
                383,
                16964,
                633,
                16963,
                883,
                16965
            ],
            [
                2,
                2,
                8600,
                60,
                17064,
                308,
                17064,
                383,
                17065,
                634,
                17063,
                884,
                17065
            ],
            [
                2,
                2,
                8650,
                61,
                17164,
                309,
                17165,
                383,
                17165,
                634,
                17163,
                884,
                17165
            ],
            [
                2,
                2,
                8700,
                61,
                17265,
                309,
                17265,
                384,
                17265,
                634,
                17263,
                884,
                17265
            ],
            [
                2,
                2,
                8750,
                62,
                17365,
                310,
                17365,
                384,
                17365,
                635,
                17364,
                885,
                17365
            ],
            [
                2,
                2,
                8800,
                62,
                17466,
                310,
                17466,
                385,
                17466,
                636,
                17464,
                885,
                17466
            ],
            [
                2,
                2,
                8850,
                63,
                17566,
                311,
                17566,
                386,
                17566,
                636,
                17564,
                886,
                17566
            ],
            [
                2,
                2,
                8900,
                64,
                17666,
                311,
                17666,
                386,
                17666,
                637,
                17665,
                887,
                17667
            ],
            [
                2,
                2,
                8950,
                64,
                17766,
                312,
                17767,
                386,
                17766,
                637,
                17766,
                887,
                17767
            ],
            [
                2,
                2,
                9000,
                64,
                17866,
                312,
                17867,
                387,
                17867,
                638,
                17864,
                887,
                17867
            ],
            [
                2,
                2,
                9050,
                65,
                17966,
                313,
                17967,
                387,
                17967,
                638,
                17965,
                888,
                17967
            ],
            [
                2,
                2,
                9100,
                65,
                18067,
                313,
                18067,
                388,
                18067,
                640,
                18065,
                888,
                18067
            ],
            [
                2,
                2,
                9150,
                65,
                18167,
                313,
                18167,
                388,
                18167,
                640,
                18166,
                888,
                18167
            ],
            [
                2,
                2,
                9200,
                66,
                18267,
                314,
                18267,
                388,
                18267,
                640,
                18266,
                889,
                18267
            ],
            [
                2,
                2,
                9250,
                66,
                18367,
                314,
                18367,
                389,
                18367,
                640,
                18368,
                889,
                18368
            ],
            [
                2,
                2,
                9300,
                66,
                18467,
                314,
                18467,
                389,
                18467,
                640,
                18465,
                889,
                18468
            ],
            [
                2,
                2,
                9350,
                67,
                18567,
                315,
                18568,
                390,
                18568,
                640,
                18566,
                890,
                18568
            ],
            [
                2,
                2,
                9400,
                68,
                18668,
                316,
                18669,
                391,
                18669,
                640,
                18666,
                891,
                18669
            ],
            [
                2,
                2,
                9450,
                69,
                18769,
                317,
                18769,
                391,
                18769,
                642,
                18766,
                892,
                18770
            ],
            [
                2,
                2,
                9500,
                69,
                18869,
                317,
                18870,
                392,
                18870,
                644,
                18868,
                892,
                18871
            ],
            [
                2,
                2,
                9550,
                70,
                18970,
                318,
                18971,
                393,
                18971,
                643,
                18969,
                893,
                18971
            ],
            [
                2,
                2,
                9600,
                71,
                19071,
                319,
                19071,
                394,
                19071,
                646,
                19068,
                894,
                19071
            ],
            [
                2,
                2,
                9650,
                72,
                19171,
                320,
                19171,
                395,
                19171,
                646,
                19168,
                895,
                19171
            ],
            [
                2,
                2,
                9700,
                73,
                19271,
                321,
                19272,
                395,
                19270,
                648,
                19267,
                896,
                19270
            ],
            [
                2,
                2,
                9750,
                74,
                19372,
                321,
                19372,
                396,
                19370,
                648,
                19369,
                897,
                19370
            ],
            [
                2,
                2,
                9800,
                74,
                19472,
                322,
                19472,
                397,
                19470,
                648,
                19468,
                898,
                19470
            ],
            [
                2,
                2,
                9850,
                75,
                19573,
                323,
                19573,
                398,
                19570,
                650,
                19568,
                899,
                19569
            ],
            [
                2,
                2,
                9900,
                76,
                19673,
                324,
                19673,
                399,
                19670,
                649,
                19668,
                900,
                19669
            ],
            [
                2,
                2,
                9950,
                76,
                19773,
                326,
                19770,
                400,
                19770,
                650,
                19768,
                901,
                19769
            ],
            [
                2,
                2,
                10000,
                77,
                19873,
                326,
                19866,
                401,
                19870,
                650,
                19868,
                901,
                19868
            ],
            [
                2,
                2,
                10050,
                78,
                19973,
                328,
                19968,
                401,
                19971,
                652,
                19968,
                902,
                19968
            ],
            [
                2,
                2,
                10100,
                78,
                20073,
                327,
                20069,
                402,
                20071,
                652,
                20068,
                902,
                20068
            ],
            [
                2,
                2,
                10150,
                78,
                20174,
                327,
                20171,
                403,
                20171,
                652,
                20169,
                903,
                20168
            ],
            [
                2,
                2,
                10200,
                79,
                20274,
                328,
                20272,
                404,
                20272,
                653,
                20270,
                904,
                20268
            ],
            [
                2,
                2,
                10250,
                80,
                20374,
                329,
                20372,
                404,
                20372,
                654,
                20370,
                904,
                20368
            ],
            [
                2,
                2,
                10300,
                80,
                20474,
                329,
                20473,
                405,
                20472,
                655,
                20470,
                904,
                20468
            ],
            [
                2,
                2,
                10350,
                81,
                20575,
                331,
                20574,
                405,
                20573,
                655,
                20572,
                905,
                20569
            ],
            [
                2,
                2,
                10400,
                81,
                20675,
                331,
                20672,
                405,
                20673,
                656,
                20672,
                905,
                20669
            ],
            [
                2,
                2,
                10450,
                82,
                20776,
                332,
                20774,
                406,
                20774,
                657,
                20772,
                906,
                20770
            ],
            [
                2,
                2,
                10500,
                82,
                20876,
                333,
                20874,
                406,
                20874,
                657,
                20874,
                906,
                20871
            ],
            [
                2,
                2,
                10550,
                83,
                20977,
                333,
                20976,
                406,
                20975,
                657,
                20974,
                906,
                20971
            ],
            [
                2,
                2,
                10600,
                83,
                21077,
                332,
                21075,
                406,
                21075,
                656,
                21074,
                907,
                21072
            ],
            [
                2,
                2,
                10650,
                83,
                21178,
                333,
                21178,
                406,
                21176,
                658,
                21176,
                907,
                21173
            ],
            [
                2,
                2,
                10700,
                84,
                21278,
                333,
                21276,
                407,
                21277,
                658,
                21276,
                907,
                21273
            ],
            [
                2,
                2,
                10750,
                84,
                21379,
                334,
                21376,
                407,
                21377,
                658,
                21376,
                908,
                21374
            ],
            [
                2,
                2,
                10800,
                85,
                21480,
                334,
                21478,
                408,
                21478,
                658,
                21477,
                908,
                21475
            ],
            [
                2,
                2,
                10850,
                85,
                21580,
                334,
                21578,
                408,
                21578,
                659,
                21578,
                908,
                21575
            ],
            [
                2,
                2,
                10900,
                85,
                21680,
                334,
                21678,
                408,
                21679,
                659,
                21678,
                908,
                21676
            ],
            [
                2,
                2,
                10950,
                86,
                21780,
                334,
                21778,
                409,
                21779,
                659,
                21778,
                908,
                21776
            ],
            [
                2,
                2,
                11000,
                86,
                21880,
                335,
                21879,
                409,
                21879,
                659,
                21878,
                909,
                21876
            ],
            [
                2,
                2,
                11050,
                86,
                21981,
                335,
                21980,
                409,
                21980,
                659,
                21980,
                909,
                21977
            ],
            [
                2,
                2,
                11100,
                86,
                22081,
                335,
                22082,
                409,
                22080,
                659,
                22081,
                909,
                22078
            ],
            [
                2,
                2,
                11150,
                86,
                22182,
                335,
                22182,
                409,
                22181,
                659,
                22182,
                909,
                22179
            ],
            [
                2,
                2,
                11200,
                86,
                22282,
                336,
                22282,
                410,
                22282,
                659,
                22282,
                909,
                22280
            ],
            [
                2,
                2,
                11250,
                86,
                22382,
                336,
                22382,
                410,
                22382,
                660,
                22382,
                910,
                22382
            ],
            [
                2,
                2,
                11300,
                87,
                22483,
                336,
                22480,
                410,
                22483,
                661,
                22482,
                909,
                22482
            ],
            [
                2,
                2,
                11350,
                87,
                22583,
                336,
                22582,
                410,
                22583,
                661,
                22582,
                909,
                22583
            ],
            [
                2,
                2,
                11400,
                87,
                22684,
                336,
                22684,
                410,
                22684,
                660,
                22684,
                909,
                22683
            ],
            [
                2,
                2,
                11450,
                87,
                22784,
                336,
                22784,
                410,
                22784,
                661,
                22784,
                909,
                22784
            ],
            [
                2,
                2,
                11500,
                87,
                22884,
                336,
                22885,
                410,
                22885,
                660,
                22884,
                909,
                22884
            ],
            [
                2,
                2,
                11550,
                86,
                22984,
                336,
                22984,
                410,
                22985,
                661,
                22984,
                909,
                22984
            ],
            [
                2,
                2,
                11600,
                86,
                23084,
                335,
                23084,
                409,
                23084,
                660,
                23084,
                909,
                23084
            ],
            [
                2,
                2,
                11650,
                87,
                23184,
                336,
                23185,
                410,
                23185,
                661,
                23185,
                910,
                23185
            ],
            [
                2,
                2,
                11700,
                88,
                23285,
                337,
                23286,
                411,
                23286,
                661,
                23285,
                910,
                23285
            ],
            [
                2,
                2,
                11750,
                88,
                23386,
                337,
                23386,
                411,
                23386,
                661,
                23386,
                911,
                23386
            ],
            [
                2,
                2,
                11800,
                88,
                23486,
                337,
                23486,
                411,
                23486,
                661,
                23486,
                911,
                23486
            ],
            [
                2,
                2,
                11850,
                88,
                23587,
                338,
                23586,
                411,
                23586,
                661,
                23586,
                912,
                23586
            ],
            [
                2,
                2,
                11900,
                88,
                23687,
                337,
                23686,
                411,
                23686,
                661,
                23686,
                911,
                23686
            ],
            [
                2,
                2,
                11950,
                88,
                23786,
                337,
                23786,
                411,
                23786,
                661,
                23786,
                911,
                23786
            ],
            [
                2,
                2,
                12000,
                88,
                23888,
                336,
                23887,
                411,
                23888,
                662,
                23889,
                911,
                23888
            ],
            [
                2,
                2,
                12050,
                88,
                23990,
                337,
                23990,
                411,
                23990,
                661,
                23990,
                911,
                23990
            ],
            [
                2,
                2,
                12100,
                87,
                24090,
                336,
                24089,
                411,
                24090,
                662,
                24090,
                911,
                24090
            ],
            [
                2,
                2,
                12150,
                87,
                24189,
                337,
                24190,
                411,
                24190,
                661,
                24189,
                911,
                24190
            ],
            [
                2,
                2,
                12200,
                87,
                24291,
                336,
                24291,
                410,
                24291,
                662,
                24290,
                910,
                24292
            ],
            [
                2,
                2,
                12250,
                87,
                24392,
                336,
                24393,
                410,
                24393,
                660,
                24392,
                910,
                24393
            ],
            [
                2,
                2,
                12300,
                87,
                24493,
                336,
                24493,
                410,
                24494,
                662,
                24492,
                910,
                24494
            ],
            [
                2,
                2,
                12350,
                87,
                24594,
                336,
                24593,
                411,
                24594,
                661,
                24593,
                910,
                24594
            ],
            [
                2,
                2,
                12400,
                88,
                24695,
                336,
                24693,
                411,
                24694,
                662,
                24693,
                910,
                24695
            ],
            [
                2,
                2,
                12450,
                88,
                24796,
                336,
                24794,
                411,
                24795,
                662,
                24793,
                910,
                24795
            ],
            [
                2,
                2,
                12500,
                88,
                24897,
                337,
                24895,
                411,
                24895,
                661,
                24894,
                910,
                24896
            ],
            [
                2,
                2,
                12550,
                89,
                24998,
                338,
                24995,
                412,
                24996,
                662,
                24996,
                911,
                24996
            ],
            [
                2,
                2,
                12600,
                90,
                25100,
                338,
                25096,
                412,
                25096,
                664,
                25096,
                912,
                25097
            ],
            [
                2,
                2,
                12650,
                90,
                25202,
                339,
                25196,
                413,
                25196,
                664,
                25196,
                912,
                25197
            ],
            [
                2,
                2,
                12700,
                91,
                25303,
                339,
                25297,
                414,
                25297,
                664,
                25295,
                913,
                25298
            ],
            [
                2,
                2,
                12750,
                91,
                25402,
                340,
                25396,
                414,
                25397,
                664,
                25396,
                913,
                25398
            ],
            [
                2,
                2,
                12800,
                92,
                25501,
                340,
                25496,
                415,
                25496,
                665,
                25496,
                913,
                25497
            ],
            [
                2,
                2,
                12850,
                92,
                25600,
                340,
                25596,
                415,
                25596,
                665,
                25597,
                914,
                25597
            ],
            [
                2,
                2,
                12900,
                93,
                25699,
                341,
                25696,
                415,
                25696,
                666,
                25697,
                914,
                25697
            ],
            [
                2,
                2,
                12950,
                93,
                25798,
                341,
                25795,
                416,
                25796,
                666,
                25798,
                914,
                25797
            ],
            [
                2,
                2,
                13000,
                93,
                25897,
                341,
                25895,
                416,
                25895,
                667,
                25898,
                915,
                25897
            ],
            [
                2,
                2,
                13050,
                94,
                25993,
                342,
                25992,
                416,
                25993,
                667,
                25994,
                915,
                25994
            ],
            [
                2,
                2,
                13100,
                94,
                26090,
                342,
                26090,
                417,
                26090,
                667,
                26091,
                915,
                26091
            ],
            [
                2,
                2,
                13150,
                94,
                26186,
                342,
                26187,
                417,
                26187,
                668,
                26188,
                915,
                26189
            ],
            [
                2,
                2,
                13200,
                95,
                26283,
                343,
                26284,
                417,
                26285,
                668,
                26284,
                916,
                26286
            ],
            [
                2,
                2,
                13250,
                95,
                26379,
                343,
                26381,
                418,
                26382,
                668,
                26380,
                916,
                26383
            ],
            [
                2,
                2,
                13300,
                96,
                26476,
                343,
                26479,
                418,
                26479,
                668,
                26477,
                916,
                26481
            ],
            [
                2,
                2,
                13350,
                96,
                26572,
                344,
                26576,
                418,
                26576,
                668,
                26574,
                916,
                26578
            ]
        ]
    }
]